timestamp,route,trip_id,headsign,stop_id,delay_min,vehicle_label,car_drive_min,note
2026-10-01 13:15:06,106,,NO_ACTIVE_VEHICLE,,,,,
2026-10-01 13:15:06,S6,1362,Hlavní nádraží,U16406Z10,10.6,30115,,
2026-10-01 13:15:06,S6,1401,Hlavní nádraží,U26802Z10,-0.1,30254,,
2026-10-01 13:15:06,CAR,,,,,,19.2,
2026-10-01 13:34:04,106,,NO_ACTIVE_VEHICLE,,,,,
2026-10-01 13:34:04,S6,,NO_ACTIVE_VEHICLE,,,,,
2026-10-01 13:34:04,CAR,,,,,,19.0,
2026-10-01 14:38:20,106,,NO_ACTIVE_VEHICLE,,,,,
2026-10-01 14:38:20,S6,1428,"Kyjov, železniční stanice",U16908Z10,-2.0,30267,,
2026-10-01 14:38:20,S6,1355,Hlavní nádraží,U16503Z10,-2.8,30145,,
2026-10-01 14:38:20,S6,1447,"Veselí nad Moravou, železniční stanice",U19316Z12,3.4,30418,,
2026-10-01 14:38:20,S6,1409,"Židenice, nádraží",U16333Z10,-0.9,30124,,
2026-10-01 14:38:20,CAR,,,,,,20.0,
